"pipeline","auroc","pr_auc","balanced_accuracy","mcc","sensitivity","specificity"
"B_guarded_nested",0.726484886916085,0.3656385082875,0.579158740224054,0.225031236603378,0.210526315789474,0.947791164658635
